source_id,kind,name,role,source_version,retrieval_date,snapshot_path,snapshot_status,sha256,identifier_or_acquisition,terms_status,limitation
goldd3r,upstream_resource,GoldD3R author-supplied export,Contextual mechanistic corpus; separate from enzyme-detail branch,unknown,unknown,sources/GoldD3R.txt,available_public,c6c189ac407ff0c9b9aed6de53dc7b33f2b240522fefdbfebcf198e3a0fccca9,https://doi.org/10.1093/jamia/ocw128,not_verified_for_original_snapshot,Exact deposited author export identifiable; export date and upstream redistribution permissions not independently established. No documented transformation links this export to 1900 enzyme pairs.
enzyme_detail,upstream_resource,Enzyme-detail input files,Source of pair-protein-direction annotations,unknown,unknown,,unavailable,unknown,unknown,not_verified_for_original_snapshot,"Original filenames, source record, version, retrieval date, original content hashes and processing scripts absent; cannot reconstruct from original source."
ddinter,upstream_resource,DDInter 2.0,Local severity reconstruction,2.0 (exact downloaded snapshot unknown),unknown,,unavailable,unknown,https://ddinter2.scbdd.com/download/,reported_CC_BY_NC_SA_4.0_source_terms_apply,Exact original full download snapshot and retrieval date unavailable; public pair identifiers plus severity fingerprint identify expected joined output. Acquire own CSVs under DDInter terms.
pubchem,upstream_resource,PubChem,CIDs and compound titles,unknown,unknown,,unavailable,unknown,https://pubchem.ncbi.nlm.nih.gov/,not_verified_for_original_snapshot,Original query responses and retrieval date unavailable; identifier bridge exports deposited.
uniprot,upstream_resource,UniProt,Source protein accessions,unknown,unknown,,unavailable,unknown,https://www.uniprot.org/,not_verified_for_original_snapshot,Original accession lookup snapshot unavailable; source-label conflicts retained and documented.
hpo,upstream_resource,Human Phenotype Ontology,Vocabulary of selected phenotype layer,unknown,unknown,,unavailable,unknown,https://hpo.jax.org/,not_verified_for_original_snapshot,Exact ontology version and complete observation/test universe unavailable; 434 selected associations cannot be fully reanalysed.
drugbank,upstream_resource,DrugBank hard-proven set,Historical aggregate external comparison,unknown,unknown,,unavailable,unknown,https://go.drugbank.com/,not_verified_for_original_snapshot,Exact 16316-pair hard-proven source snapshot and extraction procedure unavailable; aggregate counts are reported rather than independently source-recomputed.
kegg,upstream_resource,KEGG DRUG/DDI,Historical aggregate external comparison,unknown,unknown,,unavailable,unknown,https://www.kegg.jp/kegg/drug/,not_verified_for_original_snapshot,"Exact source version, retrieval date and licensed original snapshot unavailable; aggregate counts retained descriptively."
liddi,upstream_resource,LIDDI,Historical coverage comparison,record v1 citation; actual acquired snapshot unknown,unknown,,unavailable,unknown,https://doi.org/10.6084/m9.figshare.1486478.v1,not_verified_for_original_snapshot,Historical overlap intermediate and exact local acquisition snapshot absent; deposited aggregate export only.
micromedex,upstream_resource,Micromedex,Historical commercial comparison counts,unknown,unknown,,unavailable,unknown,https://www.merative.com/clinical-decision-support,not_verified_for_original_snapshot,Original licensed source snapshot and dates unavailable; two aggregate counts retained in historical DrugBank summary.
trials,upstream_resource,Clinical-trial interaction set (excluded),Withdrawn external validation layer,unknown,unknown,,unavailable,unknown,unknown,not_verified_for_original_snapshot,Source version and identifiers unresolved; excluded from public primary schema and validation claims.
trueddi,upstream_resource,trueDDI set (excluded),Withdrawn external validation layer,unknown,unknown,,unavailable,unknown,unknown,not_verified_for_original_snapshot,Private supplied candidate file does not reproduce all prior flags; excluded from public primary schema and validation claims.
ddi_enzyme_database,released_snapshot,ddi_enzyme_database.csv,Released primary author-derived export,review-release-2.1,unknown,data/ddi_enzyme_database.csv,available_public,d879e618912303882a86e0900584b70ed1f76ae072172224ac2dfa5609686149,author-supplied revision package received 2026-10-05,author_contributions_only_upstream_terms_apply,Hash identifies exact released export; does not recover original source snapshot or imply complete upstream provenance.
enzyme_pair_attribution,released_snapshot,enzyme_pair_attribution.csv,Released pair x protein x direction author-derived export,review-release-2.1,unknown,data/enzyme_pair_attribution.csv,available_public,a43e37c6aac4074a823647f10c9fb476b022b4d34ffb7f9559a4bc31fa1ef6f6,author-supplied revision package received 2026-10-05,author_contributions_only_upstream_terms_apply,Hash identifies exact released export; does not recover original source snapshot or imply complete upstream provenance.
cid_severity_bridge,released_snapshot,cid_severity_bridge.csv,Released identifier bridge used for local grade joins,review-release-2.1,unknown,data/cid_severity_bridge.csv,available_public,98bdc6b180cf9491caaf19e353342c6703d0e0efddf1044732c0293cf505a8cc,author-supplied revision package received 2026-10-05,author_contributions_only_upstream_terms_apply,Hash identifies exact released export; does not recover original source snapshot or imply complete upstream provenance.
cid_drugbank_crosswalk,released_snapshot,cid_drugbank_crosswalk.csv,Released identifier-only crosswalk,review-release-2.1,unknown,data/cid_drugbank_crosswalk.csv,available_public,9ab25dbb9a34b9d75af50f13d88e85cc0efc3b08dc28645cd69a16e527350daa,author-supplied revision package received 2026-10-05,author_contributions_only_upstream_terms_apply,Hash identifies exact released export; does not recover original source snapshot or imply complete upstream provenance.
enzyme_phenotype_enrichment,released_snapshot,enzyme_phenotype_enrichment.csv,Selected-only exploratory phenotype export,review-release-2.1,unknown,data/enzyme_phenotype_enrichment.csv,available_public,3de2e11cf42b79fd31f199df01df66ff3316715ac95e84a2d6309e75f092e8bd,author-supplied revision package received 2026-10-05,author_contributions_only_upstream_terms_apply,Hash identifies exact released export; does not recover original source snapshot or imply complete upstream provenance.
drugbank_validation_summary,released_snapshot,drugbank_validation_summary.csv,Historical reported DrugBank/Micromedex aggregate record,review-release-2.1,unknown,data/drugbank_validation_summary.csv,available_public,d08906aad4c5e296da5b610c96312312b56a45e50bc4d2efab97f9993ad6c72d,author-supplied revision package received 2026-10-05,author_contributions_only_upstream_terms_apply,Hash identifies exact released export; does not recover original source snapshot or imply complete upstream provenance.
kegg_validation_summary,released_snapshot,kegg_validation_summary.csv,Historical reported KEGG aggregate record,review-release-2.1,unknown,data/kegg_validation_summary.csv,available_public,bad93d57e92d0328f8bae76a42e7ee0198182a7f0e24a470639e0a82afe828a2,author-supplied revision package received 2026-10-05,author_contributions_only_upstream_terms_apply,Hash identifies exact released export; does not recover original source snapshot or imply complete upstream provenance.
liddi_coverage_comparison,released_snapshot,liddi_coverage_comparison.csv,Historical reported LIDDI aggregate record,review-release-2.1,unknown,data/liddi_coverage_comparison.csv,available_public,0a073b85ddf8c7cdea841e317f19c43dfdc12baac805126c646a6ce4cb34c237,author-supplied revision package received 2026-10-05,author_contributions_only_upstream_terms_apply,Hash identifies exact released export; does not recover original source snapshot or imply complete upstream provenance.
severity_summary,released_snapshot,severity_summary.csv,Expected joined severity aggregate counts,review-release-2.1,unknown,data/severity_summary.csv,available_public,0482bd7bb0a759bd8dc88a97add51cb05debc1bac0575839145560bbdf09ffa5,author-supplied revision package received 2026-10-05,author_contributions_only_upstream_terms_apply,Hash identifies exact released export; does not recover original source snapshot or imply complete upstream provenance.
SupplementaryTableS3_external_aggregate_counts,released_snapshot,SupplementaryTableS3_external_aggregate_counts.csv,Historical reported external per-grade denominators and counts,review-release-2.1,unknown,tables/SupplementaryTableS3_external_aggregate_counts.csv,available_public,4728270e209d5988cc29ba7b761a58b55055931815e2d27ec5cd061e1ed3de4e,author-supplied revision package received 2026-10-05,author_contributions_only_upstream_terms_apply,Hash identifies exact released export; does not recover original source snapshot or imply complete upstream provenance.
