enzyme,HPO,AE_name,observed,expected,log2FE,p,q
ABCB1 (P-gp),HP:0012410,Pure red cell aplasia,444,340.9,0.38,2.726999789860369e-10,4.582545299047968e-08
ABCB1 (P-gp),HP:0000099,Glomerulonephritis,332,247.2,0.43,1.1756861245585646e-09,1.5889799257755936e-07
ABCB1 (P-gp),HP:0004756,Ventricular tachycardia,1238,1070.1,0.21,3.3571153755450474e-09,3.931894220145942e-07
ABCB1 (P-gp),HP:0010619,Fibroadenoma of the breast,93,53.6,0.8,4.122640369885697e-09,4.5525728656023486e-07
ABCB1 (P-gp),HP:0011705,First degree atrioventricular block,907,769.1,0.24,1.069341000611431e-08,9.84048325562662e-07
ABCB1 (P-gp),HP:0000072,Hydroureter,206,149.3,0.46,1.6123663307529072e-07,1.0932975207649099e-05
ABCB1 (P-gp),HP:0001942,Metabolic acidosis,1382,1228.6,0.17,3.563368018376106e-07,2.1188334447728695e-05
ABCB1 (P-gp),HP:0000876,Oligomenorrhea,102,65.5,0.64,5.386801084289231e-07,3.061762675114394e-05
ABCB1 (P-gp),HP:0004755,Supraventricular tachycardia,1056,925.4,0.19,6.125356987785029e-07,3.3820721082555914e-05
ABCB1 (P-gp),HP:0003201,Rhabdomyolysis,1323,1176.5,0.17,6.545607601415274e-07,3.5531964351424876e-05
ABCB1 (P-gp),HP:0002170,Intracranial hemorrhage,547,455.9,0.26,8.485797607979212e-07,4.315474704584165e-05
ABCB1 (P-gp),HP:0004808,Acute myeloid leukemia,478,393.5,0.28,9.362246908977735e-07,4.6391133722049937e-05
ABCB1 (P-gp),HP:0001882,Decreased total leukocyte count,1390,1246.6,0.16,2.0710211478589222e-06,9.417054984087922e-05
ABCB1 (P-gp),HP:0001659,Aortic regurgitation,988,869.4,0.18,2.7304861474778886e-06,0.00012049858524057354
ABCB1 (P-gp),HP:0001876,Pancytopenia,1825,1665.0,0.13,4.145834246877962e-06,0.00016691301421024293
ABCB1 (P-gp),HP:0004749,Atrial flutter,733,635.6,0.21,6.670935486005385e-06,0.0002527761338569687
ABCB1 (P-gp),HP:0001638,Cardiomyopathy,1413,1276.6,0.15,7.38247520768679e-06,0.0002743583334395139
ABCB1 (P-gp),HP:0000495,Recurrent corneal erosions,162,119.6,0.44,9.808156394598576e-06,0.00033547366783295124
ABCB1 (P-gp),HP:0001873,Thrombocytopenia,2414,2243.4,0.11,2.0069742335306507e-05,0.0006410706952558648
ABCB1 (P-gp),HP:0000548,Cone/cone-rod dystrophy,37,19.7,0.91,2.317849439726989e-05,0.000716679046763585
ABCB1 (P-gp),HP:0001371,Flexion contracture,301,245.5,0.29,3.861851634655562e-05,0.0010975041594076286
ABCB1 (P-gp),HP:0002445,Tetraplegia,171,130.3,0.39,4.125765335557925e-05,0.001150444838120689
ABCB1 (P-gp),HP:0001663,Ventricular fibrillation,916,816.6,0.17,4.137434217303383e-05,0.001150444838120689
ABCB1 (P-gp),HP:0004387,Enterocolitis,344,285.2,0.27,4.9170764616849286e-05,0.0013197569808619616
ABCB1 (P-gp),HP:0009726,Renal neoplasm,113,81.1,0.48,5.363234278773199e-05,0.0014006013842877306
ABCB1 (P-gp),HP:0001662,Bradycardia,1886,1744.4,0.11,5.687539916077468e-05,0.0014504319152448062
ABCB1 (P-gp),HP:0000083,Renal insufficiency,2713,2543.0,0.09,5.909364486189042e-05,0.001492790440465402
ABCB1 (P-gp),HP:0009592,Astrocytoma,38,21.2,0.84,6.13857482173817e-05,0.0015351858560900904
ABCB1 (P-gp),HP:0001695,Cardiac arrest,1927,1787.8,0.11,8.835470563706144e-05,0.002076834309999473
ABCB1 (P-gp),HP:0001919,Acute kidney injury,2596,2437.3,0.09,0.00012101267828775834,0.0026096349709666265
ABCB1 (P-gp),HP:0002206,Pulmonary fibrosis,831,743.5,0.16,0.0001422820009683184,0.0029565587835621
ABCB1 (P-gp),HP:0002913,Myoglobinuria,753,670.0,0.17,0.00014454589670477393,0.002972033460738064
ABCB1 (P-gp),HP:0001878,Hemolytic anemia,514,446.2,0.2,0.00015063268497980518,0.0030803985579203547
ABCB1 (P-gp),HP:0006682,Premature ventricular contraction,1033,936.6,0.14,0.0001791444002008597,0.003514685821199608
ABCB1 (P-gp),HP:0010885,Avascular necrosis,1502,1386.7,0.12,0.00021459494944012225,0.004085760983182623
ABCB1 (P-gp),HP:0011704,Sick sinus syndrome,479,416.4,0.2,0.0002823384511652701,0.005028747067989719
ABCB1 (P-gp),HP:0001888,Decreased total lymphocyte count,421,363.4,0.21,0.0003409924500047168,0.005831574421540842
ABCB1 (P-gp),HP:0001712,Left ventricular hypertrophy,383,328.8,0.22,0.0003961687233084063,0.006477004114264194
ABCB1 (P-gp),HP:0011713,Left bundle branch block,833,752.3,0.15,0.0004327708930144845,0.006969414589587427
ABCB1 (P-gp),HP:0001635,Congestive heart failure,3794,3621.8,0.07,0.0005237977162974684,0.008130434431685603
ABCB1 (P-gp),HP:0001947,Renal tubular acidosis,184,148.1,0.31,0.0005275558848314782,0.008156013979494654
ABCB1 (P-gp),HP:0000662,Nyctalopia,106,79.4,0.42,0.0005333441563935209,0.00821265005761338
ABCB1 (P-gp),HP:0001709,Third degree atrioventricular block,562,497.5,0.18,0.0005607565966867591,0.008566498996815509
ABCB1 (P-gp),HP:0000639,Nystagmus,473,414.2,0.19,0.0005811177943456244,0.008807922647630737
ABCB1 (P-gp),HP:0004313,Decreased circulating immunoglobulin concentration,194,158.1,0.3,0.0007464574746424279,0.010752214961837307
ABCB1 (P-gp),HP:0011706,Second degree atrioventricular block,345,296.9,0.22,0.0008684985149344462,0.011903357305750477
ABCB1 (P-gp),HP:0000486,Strabismus,387,335.8,0.2,0.0008594184415121564,0.011903357305750477
ABCB1 (P-gp),HP:0001953,Diabetic ketoacidosis,680,611.5,0.15,0.0008753863138181309,0.011955364321226417
ABCB1 (P-gp),HP:0002045,Hypothermia,878,800.7,0.13,0.0009908779172799241,0.013247900536976902
ABCB1 (P-gp),HP:0030016,Dyspareunia,165,133.9,0.3,0.0014694863103453702,0.01780682139421811
ABCB1 (P-gp),HP:0002149,Hyperuricemia,561,501.9,0.16,0.001466009651136072,0.01780682139421811
ABCB1 (P-gp),HP:0011675,Arrhythmia,1870,1764.2,0.08,0.002034224532154674,0.02339963635945778
ABCB1 (P-gp),HP:0030078,Lung adenocarcinoma,155,125.9,0.3,0.0020447800597599665,0.023451260922766382
ABCB1 (P-gp),HP:0001399,Hepatic failure,1315,1228.4,0.1,0.0024760448835719983,0.027264710755002204
ABCB1 (P-gp),HP:0002634,Arteriosclerosis,1207,1125.4,0.1,0.002844048206780524,0.030790605936153296
ABCB1 (P-gp),HP:0002153,Hyperkalemia,1375,1287.8,0.09,0.002855438899511639,0.0308077381514592
ABCB1 (P-gp),HP:0002239,Gastrointestinal hemorrhage,1819,1718.6,0.08,0.0028879681557590874,0.03095830892387982
ABCB1 (P-gp),HP:0100584,Endocarditis,469,418.9,0.16,0.0029035789185607127,0.031000918564191033
ABCB1 (P-gp),HP:0012763,Paroxysmal dyspnea,277,238.9,0.21,0.002914028702902176,0.03102677943999149
ABCB1 (P-gp),HP:0002953,Vertebral compression fracture,650,591.1,0.14,0.0030683911104924253,0.032226444679492455
ABCB1 (P-gp),HP:0001909,Leukemia,704,643.2,0.13,0.003332269244700574,0.034714880406381994
ABCB1 (P-gp),HP:0000846,Adrenal insufficiency,551,497.5,0.15,0.0034191405278100446,0.03544359082275554
ABCB1 (P-gp),HP:0012126,Stomach cancer,258,222.1,0.22,0.0035467452856107846,0.036265001399168474
ABCB1 (P-gp),HP:0000458,Anosmia,400,355.6,0.17,0.004021593791957496,0.039651683688560514
ABCB1 (P-gp),HP:0012740,Papilloma,73,55.0,0.41,0.004206282445690422,0.04115767506985691
ABCB1 (P-gp),HP:0002202,Pleural effusion,2376,2266.8,0.07,0.0044017050009979635,0.04242541104453149
ABCB1 (P-gp),HP:0002625,Deep venous thrombosis,1810,1715.4,0.08,0.00462777883526619,0.043839130387999574
ABCB1 (P-gp),HP:0002186,Apraxia,216,184.4,0.23,0.004681645538734966,0.044025693448201085
ABCB1 (P-gp),HP:0000979,Purpura,586,533.3,0.14,0.005007531137514701,0.04553907728586899
ABCB1 (P-gp),HP:0100309,Subdural hemorrhage,565,513.4,0.14,0.005046597380860104,0.045786617082216666
CYP1A2,HP:0003470,Paralysis,273,187.1,0.54,4.3014135663782347e-10,6.64998537362075e-08
CYP1A2,HP:0002321,Vertigo,1364,1189.8,0.2,1.2405530181743575e-07,8.71770439135253e-06
CYP1A2,HP:0002099,Asthma,636,532.3,0.26,2.7435641658914545e-06,0.00012049858524057354
CYP1A2,HP:0002076,Migraine,544,451.8,0.27,6.015264250552047e-06,0.0002301880824592442
CYP1A2,HP:0005263,Gastritis,623,525.9,0.24,9.0734006026606e-06,0.0003188063029934838
CYP1A2,HP:0006280,Chronic pancreatitis,270,211.3,0.35,2.860910090063217e-05,0.0008571641471390956
CYP1A2,HP:0012388,Acute bronchitis,327,264.0,0.31,5.0930802103309236e-05,0.0013390989804713618
CYP1A2,HP:0003763,Bruxism,584,500.2,0.22,7.166690757837034e-05,0.0017531177075341858
CYP1A2,HP:0000853,Goiter,213,164.8,0.37,9.53544050227776e-05,0.002180738316053464
CYP1A2,HP:0010770,Pilonidal fistula,34,17.1,0.99,9.835094812647274e-05,0.0022229614883556557
CYP1A2,HP:0030833,Neck pain,569,488.4,0.22,0.00010898150537518806,0.0024207673464086313
CYP1A2,HP:0002591,Polyphagia,313,254.3,0.3,0.00011213110632177299,0.0024764955767637292
CYP1A2,HP:0012710,Ingrown nail,87,58.1,0.58,0.0001258068240180836,0.0026655760499610637
CYP1A2,HP:0012075,Personality disorder,173,130.7,0.4,0.00012620968102014868,0.0026655760499610637
CYP1A2,HP:0001369,Arthritis,515,440.6,0.23,0.00016410612220657344,0.0032777560911417957
CYP1A2,HP:0100608,Metrorrhagia,189,146.2,0.37,0.00022228795738065733,0.004182266742198577
CYP1A2,HP:0030788,Impacted cerumen,76,50.5,0.59,0.0002782122742175604,0.004978196480791069
CYP1A2,HP:0000822,Hypertension,1543,1419.7,0.12,0.0003721498561636787,0.006281044515600953
CYP1A2,HP:0001818,Paronychia,75,50.3,0.58,0.00039032175260863004,0.006446981084753655
CYP1A2,HP:0010780,Hyperacusis,72,47.9,0.59,0.00041298463648981406,0.0067021381191666625
CYP1A2,HP:0002315,Headache,900,808.9,0.15,0.0005224536161244752,0.008130434431685603
CYP1A2,HP:0011109,Chronic sinusitis,158,121.7,0.38,0.0005599381010580485,0.008566498996815509
CYP1A2,HP:0000713,Agitation,693,614.0,0.17,0.0005719476728234919,0.008703062029381085
CYP1A2,HP:0001891,Iron deficiency anemia,297,247.5,0.26,0.0007679049647941112,0.010911590768122205
CYP1A2,HP:0001962,Palpitations,591,520.1,0.18,0.0007819587194944826,0.01103018412717582
CYP1A2,HP:0001025,Urticaria,382,325.6,0.23,0.0007916204615291174,0.01112586575930923
CYP1A2,HP:0010550,Paraplegia,106,77.8,0.45,0.0008493587674748653,0.011808531065792641
CYP1A2,HP:0000975,Hyperhidrosis,644,571.0,0.17,0.000916544317014953,0.012473393610080258
CYP1A2,HP:0100022,Abnormality of movement,269,223.4,0.27,0.001092122892989637,0.014164614031560224
CYP1A2,HP:0100739,Bulimia,36,21.3,0.76,0.0014743034530788604,0.01780682139421811
CYP1A2,HP:0001537,Umbilical hernia,122,93.1,0.39,0.001539744856326823,0.01848172009224587
CYP1A2,HP:0000646,Amblyopia,29,16.2,0.84,0.001744245924903917,0.020616240060408682
CYP1A2,HP:0003401,Paresthesia,648,579.9,0.16,0.001960537296932264,0.022687055846237127
CYP1A2,HP:0000738,Hallucinations,625,558.5,0.16,0.0020628743286001754,0.02353976323681148
CYP1A2,HP:0100796,Orchitis,32,18.8,0.77,0.002327680123947674,0.02622881539083895
CYP1A2,HP:0002355,Gait disturbance,397,345.9,0.2,0.002675619445900197,0.029212624741254977
CYP1A2,HP:0000622,Blurred vision,668,601.2,0.15,0.002712286054082847,0.02952953689867663
CYP1A2,HP:0000858,Irregular menstruation,70,49.9,0.49,0.0028615725734473098,0.0308077381514592
CYP1A2,HP:0000488,Retinopathy,123,95.9,0.36,0.0030622461599909426,0.032226444679492455
CYP1A2,HP:0100633,Esophagitis,485,430.2,0.17,0.0036014993149093206,0.03653489462499875
CYP1A2,HP:0000976,Eczematoid dermatitis,215,179.2,0.26,0.003684683947144085,0.037183559936584565
CYP1A2,HP:0100607,Dysmenorrhea,56,38.8,0.53,0.003918811900802859,0.038938625563296456
CYP1A2,HP:0000836,Hyperthyroidism,217,181.3,0.26,0.003941969029765503,0.03906592384626582
CYP1A2,HP:0012387,Bronchitis,695,630.6,0.14,0.0043634266344741235,0.042161609855606214
CYP1A2,HP:0001688,Sinus bradycardia,313,270.6,0.21,0.004564202984607004,0.04366496172154968
CYP1A2,HP:0003418,Back pain,919,845.5,0.12,0.004744899392056348,0.044297188768835226
CYP1A2,HP:0001618,Dysphonia,330,286.6,0.2,0.004792494338816328,0.04441964177344151
CYP1A2,HP:0030166,Night sweats,405,356.8,0.18,0.004819945612986905,0.044567200464579876
CYP1A2,HP:0000011,Neurogenic bladder,117,92.0,0.35,0.0048962178421862205,0.04466083792535445
CYP1A2,HP:0001094,Iridocyclitis,22,12.2,0.85,0.0050796548010855975,0.045871181790177185
CYP2C19,HP:0011079,Impacted tooth,49,16.9,1.54,5.421058247021212e-11,1.0476195062368492e-08
CYP2C19,HP:0000805,Enuresis,60,25.4,1.24,1.5941542182749563e-09,2.0538020178775686e-07
CYP2C19,HP:0001915,Aplastic anemia,81,42.2,0.94,3.6949187773174115e-08,3.104535016159086e-06
CYP2C19,HP:0002123,Generalized myoclonic seizure,34,12.4,1.45,1.6756227315379287e-07,1.1034766094572752e-05
CYP2C19,HP:0006739,Squamous cell carcinoma of the skin,45,21.2,1.08,2.9651865436443303e-06,0.00012876905608073412
CYP2C19,HP:0003763,Bruxism,287,220.9,0.38,7.798309052996765e-06,0.0002870520427603095
CYP2C19,HP:0002591,Polyphagia,160,112.3,0.51,9.056386477331206e-06,0.0003188063029934838
CYP2C19,HP:0010550,Paraplegia,62,34.3,0.85,9.178768705985231e-06,0.00031960307251020645
CYP2C19,HP:0000709,Psychosis,175,126.1,0.47,1.5304838232270705e-05,0.0005055829039976604
CYP2C19,HP:0007302,Bipolar affective disorder,154,108.7,0.5,1.6899060951239456e-05,0.0005488644586263908
CYP2C19,HP:0002607,Bowel incontinence,157,113.7,0.47,5.048455072031123e-05,0.0013364574557123488
CYP2C19,HP:0002020,Gastroesophageal reflux,358,290.9,0.3,5.704156561894193e-05,0.0014504319152448062
CYP2C19,HP:0000651,Diplopia,188,140.9,0.42,6.448203331433478e-05,0.001590122064226614
CYP2C19,HP:0002301,Hemiplegia,105,71.3,0.56,8.035870394620129e-05,0.0019411649422004247
CYP2C19,HP:0002592,Gastric ulcer,180,134.6,0.42,8.139095582785722e-05,0.0019538884737557026
CYP2C19,HP:0001297,Stroke,371,305.8,0.28,0.0001222105898434565,0.0026096349709666265
CYP2C19,HP:0001609,Hoarse voice,61,37.7,0.69,0.0002343609520010213,0.004354832112903593
CYP2C19,HP:0000508,Ptosis,72,46.9,0.62,0.0003130472074938487,0.005474784873139028
CYP2C19,HP:0001618,Dysphonia,166,126.6,0.39,0.00036015869093071283,0.00612578144087263
CYP2C19,HP:0005978,Type II diabetes mellitus,286,233.5,0.29,0.0003843753728890972,0.006376012086765496
CYP2C19,HP:0000518,Cataract,190,148.7,0.35,0.0005003084596017977,0.00786053738358109
CYP2C19,HP:0100273,Neoplasm of the colon,23,10.8,1.1,0.0006104877960981407,0.009110175026715498
CYP2C19,HP:0004324,Increased body weight,386,327.3,0.24,0.0006740764199858883,0.009906104042758396
CYP2C19,HP:0012076,Borderline personality disorder,30,15.8,0.93,0.000711238952426477,0.010373353023125788
CYP2C19,HP:0001386,Joint swelling,220,176.7,0.32,0.0007483430335664258,0.010752214961837307
CYP2C19,HP:0002133,Status epilepticus,65,43.3,0.59,0.0009940209975998193,0.013247900536976902
CYP2C19,HP:0100786,Excessive daytime somnolence,150,115.7,0.37,0.0010435903005561922,0.013724503732803343
CYP2C19,HP:0100546,Carotid artery stenosis,153,118.5,0.37,0.0010752387986811263,0.014087450701364586
CYP2C19,HP:0001997,Gout,155,120.5,0.36,0.0011630269235678007,0.014786510064439309
CYP2C19,HP:0005547,Myeloproliferative disorder,32,17.9,0.84,0.0013540939317700012,0.0167742725842662
CYP2C19,HP:0030166,Night sweats,196,157.6,0.31,0.001433728623829644,0.017591622638417695
CYP2C19,HP:0100785,Insomnia,345,293.3,0.23,0.001449616079669856,0.017730272620012637
CYP2C19,HP:0011704,Sick sinus syndrome,83,59.0,0.49,0.0014919454092358964,0.017963766376002305
CYP2C19,HP:0001337,Tremor,331,282.9,0.23,0.002379758917504039,0.026563775623880622
CYP2C19,HP:0000622,Blurred vision,312,265.5,0.23,0.002459686214786385,0.027239791461746068
CYP2C19,HP:0010450,Esophageal stenosis,46,29.6,0.64,0.0026011933335398007,0.02856139839241855
CYP2C19,HP:0006775,Multiple myeloma,115,87.8,0.39,0.0026592858690083895,0.02911654357993605
CYP2C19,HP:0002019,Constipation,391,339.9,0.2,0.0029909649288676703,0.03164704326319497
CYP2C19,HP:0000858,Irregular menstruation,36,22.0,0.71,0.003256422947769173,0.03401641808953474
CYP2C19,HP:0002862,Bladder carcinoma,53,35.7,0.57,0.0034480698963405133,0.03544359082275554
CYP2C19,HP:0000360,Tinnitus,163,131.3,0.31,0.0036132431570803964,0.036558075398208725
CYP2C19,HP:0030430,Neuroma,22,11.7,0.92,0.003717656327399828,0.03741859819114671
CYP2C19,HP:0002840,Lymphadenitis,53,35.9,0.56,0.0037901209201092307,0.03795030403166367
CYP2C19,HP:0030692,Brain neoplasm,52,35.1,0.57,0.00391904924815584,0.038938625563296456
CYP2C19,HP:0002758,Osteoarthritis,251,212.4,0.24,0.004604830380414024,0.043839130387999574
CYP2C19,HP:0001681,Angina pectoris,247,208.8,0.24,0.00466127760439542,0.044025693448201085
CYP2C19,HP:0000739,Anxiety,405,355.8,0.19,0.004859166752890735,0.04466083792535445
CYP2C9,HP:0000820,Abnormality of the thyroid gland,245,165.7,0.56,1.1922488446957882e-09,1.5889799257755936e-07
CYP2C9,HP:0001997,Gout,330,240.0,0.46,5.933044764916833e-09,6.369782782334322e-07
CYP2C9,HP:0000819,Diabetes mellitus,640,529.3,0.27,6.773170524901733e-07,3.5531964351424876e-05
CYP2C9,HP:0400008,Menometrorrhagia,47,22.0,1.1,8.177366457884368e-07,4.2140695146297444e-05
CYP2C9,HP:0001367,Abnormal joint morphology,397,318.7,0.32,6.003500159201083e-06,0.0002301880824592442
CYP2C9,HP:0001386,Joint swelling,430,352.1,0.29,1.6320304959639233e-05,0.0005345591412627596
CYP2C9,HP:0001998,Neonatal hypoglycemia,80,50.2,0.67,3.302425456331845e-05,0.0009669601809638319
CYP2C9,HP:0001658,Myocardial infarction,720,627.8,0.2,9.644195941283375e-05,0.0021926363125329552
CYP2C9,HP:0002487,Hyperkinetic movements,671,584.4,0.2,0.00014456462887936766,0.002972033460738064
CYP2C9,HP:0000458,Anosmia,137,100.3,0.45,0.0001715962557496412,0.003383773104450833
CYP2C9,HP:0001369,Arthritis,457,387.7,0.24,0.00019893006428597316,0.0038251975048024193
CYP2C9,HP:0000131,Uterine leiomyoma,194,150.7,0.36,0.00024710604564293255,0.004547927935285401
CYP2C9,HP:0004950,Peripheral arterial stenosis,269,217.5,0.31,0.00025583912122595327,0.004645393548257484
CYP2C9,HP:0001373,Joint dislocation,158,119.9,0.4,0.00031696737457708336,0.00551837343576769
CYP2C9,HP:0030148,Heart murmur,347,289.1,0.26,0.0003194963857437052,0.005537459779818029
CYP2C9,HP:0011868,Sciatica,243,195.6,0.31,0.0003782948011207302,0.0063294779494875416
CYP2C9,HP:0002098,Respiratory distress,1036,936.5,0.15,0.00045342596343437295,0.007241699787908476
CYP2C9,HP:0012076,Borderline personality disorder,51,31.4,0.7,0.0004983859340436562,0.00786053738358109
CYP2C9,HP:0004872,Incisional hernia,80,55.0,0.54,0.000597713034049631,0.009024065924225874
CYP2C9,HP:0000836,Hyperthyroidism,200,159.6,0.33,0.0007513626507428872,0.010755617204152811
CYP2C9,HP:0007902,Vitreous hemorrhage,77,53.0,0.54,0.000772795333727973,0.010940857014134124
CYP2C9,HP:0008209,Premature ovarian insufficiency,98,70.8,0.47,0.0008274196367320376,0.011586872811483061
CYP2C9,HP:0000230,Gingivitis,295,245.9,0.26,0.0008675287417691713,0.011903357305750477
CYP2C9,HP:0000103,Polyuria,206,165.8,0.31,0.0009714874435753587,0.013128667725240425
CYP2C9,HP:0030160,Cervicitis,66,44.4,0.57,0.00098968622276217,0.013247900536976902
CYP2C9,HP:0002758,Osteoarthritis,486,423.2,0.2,0.0010254270487727092,0.013572861450364798
CYP2C9,HP:0002592,Gastric ulcer,318,268.2,0.25,0.001139901864119248,0.01458847915503607
CYP2C9,HP:0001019,Erythroderma,147,114.0,0.37,0.001148723857768007,0.014652863730275072
CYP2C9,HP:0010619,Fibroadenoma of the breast,28,15.1,0.89,0.0012633876856844228,0.016009814443181294
CYP2C9,HP:0001962,Palpitations,520,457.7,0.18,0.0016051677856872859,0.019089149205173416
CYP2C9,HP:0001061,Acne,190,153.7,0.31,0.0018029548980553656,0.021116426306012084
CYP2C9,HP:0000989,Pruritus,545,482.9,0.17,0.0021016416179320163,0.02389072015678601
CYP2C9,HP:0006530,Abnormal pulmonary interstitial morphology,325,278.1,0.23,0.0023425241553120288,0.02626379491326705
CYP2C9,HP:0005293,Venous insufficiency,112,85.4,0.39,0.0023848978373833315,0.026563775623880622
CYP2C9,HP:0004394,Multiple gastric polyps,95,70.7,0.43,0.002410031686847815,0.02676658755651381
CYP2C9,HP:0000371,Acute otitis media,30,17.3,0.79,0.0024747182172227444,0.027264710755002204
CYP2C9,HP:0100790,Hernia,200,164.4,0.28,0.002891578142696149,0.03095830892387982
CYP2C9,HP:0100013,Neoplasm of the breast,38,23.9,0.67,0.0034305773983695073,0.03544359082275554
CYP2C9,HP:0200123,Chronic hepatitis,61,42.7,0.52,0.0035050285394815014,0.03593351539813264
CYP2C9,HP:0002829,Arthralgia,751,683.2,0.14,0.004125958082636981,0.04057717045646802
CYP2C9,HP:0002671,Basal cell carcinoma,157,127.1,0.31,0.004266241588768715,0.04153406483776091
CYP2C9,HP:0100661,Trigeminal neuralgia,170,138.8,0.29,0.004306346732190139,0.04171436120279421
CYP2C9,HP:0000608,Macular degeneration,105,81.1,0.37,0.0046756029945276365,0.044025693448201085
CYP2C9,HP:0000646,Amblyopia,25,14.3,0.81,0.004738952611450246,0.044297188768835226
CYP2C9,HP:0001634,Mitral valve prolapse,142,114.1,0.32,0.004892663784424034,0.04466083792535445
CYP2C9,HP:0009763,Limb pain,751,685.1,0.13,0.005176703552558205,0.04663859960521553
CYP2C9,HP:0012387,Bronchitis,614,554.9,0.15,0.00538967523434845,0.048332006451871835
CYP2C9,HP:0100507,Decreased circulating folate concentration,43,28.6,0.59,0.005525223486731738,0.04943284438939391
CYP2C9,HP:0004334,Dermal atrophy,52,36.1,0.53,0.0055864988398793055,0.0498656305222483
CYP2D6,HP:0001959,Polydipsia,406,256.8,0.66,1.9007339717819262e-19,7.346336800937145e-16
CYP2D6,HP:0040141,Tardive dyskinesia,183,96.5,0.92,1.5995665083512055e-16,3.0911622773887043e-13
CYP2D6,HP:0000756,Agoraphobia,120,56.7,1.08,1.0752039032860183e-14,6.926105143667435e-12
CYP2D6,HP:0005978,Type II diabetes mellitus,627,474.9,0.4,2.291853830996098e-12,8.858015056799919e-10
CYP2D6,HP:0000738,Hallucinations,658,501.7,0.39,2.1106443099008835e-12,8.858015056799919e-10
CYP2D6,HP:0001993,Ketoacidosis,122,63.2,0.95,4.16658087871445e-12,1.4639850087483044e-09
CYP2D6,HP:0006280,Chronic pancreatitis,286,189.8,0.59,7.180977792898597e-12,2.134959936119468e-09
CYP2D6,HP:0003076,Glycosuria,254,165.3,0.62,1.5112586387389774e-11,3.6506341492038423e-09
CYP2D6,HP:0012330,Pyelonephritis,290,194.6,0.58,1.6776907940144847e-11,3.796837341368623e-09
CYP2D6,HP:0001370,Rheumatoid arthritis,356,250.2,0.51,3.089229922837634e-11,6.284144027246029e-09
CYP2D6,HP:0000709,Psychosis,358,256.5,0.48,2.5672035733038564e-10,4.510109914008821e-08
CYP2D6,HP:0011999,Paranoia,324,229.3,0.5,4.725609373375046e-10,7.024800087728674e-08
CYP2D6,HP:0004324,Increased body weight,817,665.6,0.3,1.888716947378971e-09,2.3548035489095878e-07
CYP2D6,HP:0001943,Hypoglycemia,629,497.7,0.34,2.077918766188453e-09,2.509736259786991e-07
CYP2D6,HP:0000713,Agitation,687,551.4,0.32,3.762467264387133e-09,4.27703999319302e-07
CYP2D6,HP:0001513,Obesity,413,311.4,0.41,6.1381702597717664e-09,6.411899474058886e-07
CYP2D6,HP:0100753,Schizophrenia,127,75.0,0.76,7.197139002227889e-09,7.320247958844945e-07
CYP2D6,HP:0007302,Bipolar affective disorder,306,221.0,0.47,1.018757442882615e-08,9.603652479856846e-07
CYP2D6,HP:0010535,Sleep apnea,495,385.3,0.36,1.372196576148572e-08,1.2333813411195887e-06
CYP2D6,HP:0012075,Personality disorder,179,117.4,0.61,2.1430834764221516e-08,1.8825040082662764e-06
CYP2D6,HP:0100786,Excessive daytime somnolence,320,235.4,0.44,2.852829559851976e-08,2.4502636108506417e-06
CYP2D6,HP:0002591,Polyphagia,309,228.4,0.44,7.662499746920527e-08,5.806972847421145e-06
CYP2D6,HP:0000643,Blepharospasm,317,237.2,0.42,1.5926325323125808e-07,1.0932975207649099e-05
CYP2D6,HP:0005943,Respiratory arrest,344,260.8,0.4,1.713029665392924e-07,1.1034766094572752e-05
CYP2D6,HP:0009806,Nephrogenic diabetes insipidus,90,51.4,0.81,2.267344078212506e-07,1.4134330423050541e-05
CYP2D6,HP:0000019,Urinary hesitancy,163,109.2,0.58,3.3732374551349063e-07,2.0371191818900643e-05
CYP2D6,HP:0001337,Tremor,693,575.4,0.27,3.9966267771565453e-07,2.3404488626833407e-05
CYP2D6,HP:0000473,Torticollis,70,37.4,0.91,4.058062946568137e-07,2.3409572072366938e-05
CYP2D6,HP:0001300,Parkinsonism,129,83.0,0.64,6.640326837097297e-07,3.5531964351424876e-05
CYP2D6,HP:0100651,Type I diabetes mellitus,203,144.3,0.49,9.159714782400783e-07,4.597700991425848e-05
CYP2D6,HP:0002076,Migraine,500,405.8,0.3,1.4291694025326442e-06,6.736267976571547e-05
CYP2D6,HP:0000821,Hypothyroidism,446,358.4,0.32,1.9020229720270867e-06,8.751569984386536e-05
CYP2D6,HP:0005206,Pancreatic pseudocyst,78,45.7,0.77,3.619515815646339e-06,0.0001504239637362699
CYP2D6,HP:0000132,Menorrhagia,152,104.9,0.54,4.075346919022881e-06,0.0001658022720212993
CYP2D6,HP:0001818,Paronychia,77,45.2,0.77,4.239326653140837e-06,0.00016891750014834368
CYP2D6,HP:0009800,Maternal diabetes,46,22.7,1.02,4.644503220385219e-06,0.00018317351986519258
CYP2D6,HP:0030050,Cataplexy,687,583.3,0.24,7.261630331190723e-06,0.00027248739058303057
CYP2D6,HP:0000870,Increased circulating prolactin concentration,70,40.7,0.78,8.134637612969478e-06,0.0002938352745245517
CYP2D6,HP:0000622,Blurred vision,638,540.0,0.24,1.054143086530074e-05,0.00035739149381041544
CYP2D6,HP:0003077,Hyperlipidemia,496,411.4,0.27,1.41004086043964e-05,0.00046981102806889735
CYP2D6,HP:0012076,Borderline personality disorder,57,32.0,0.83,2.0682079842438213e-05,0.000649888118626209
CYP2D6,HP:0000103,Polyuria,223,169.3,0.4,2.293656420137344e-05,0.0007149179083734544
CYP2D6,HP:0000498,Blepharitis,77,48.9,0.66,6.459228048734241e-05,0.001590122064226614
CYP2D6,HP:0001735,Acute pancreatitis,326,264.6,0.3,8.195791184743362e-05,0.0019553538845082158
CYP2D6,HP:0000833,Glucose intolerance,136,97.8,0.48,8.326197520503833e-05,0.0019742793507206945
CYP2D6,HP:0003394,Muscle spasm,239,187.3,0.35,8.90992650612816e-05,0.002076834309999473
CYP2D6,HP:0003763,Bruxism,528,449.2,0.23,8.919909326259056e-05,0.002076834309999473
CYP2D6,HP:0002357,Aphasia,178,134.2,0.41,9.94595547436126e-05,0.002234948715605016
CYP2D6,HP:0002329,Drowsiness,703,612.4,0.2,0.00010444658628089194,0.0023334454102638576
CYP2D6,HP:0002123,Generalized myoclonic seizure,45,25.2,0.83,0.0001348134316948983,0.002831814747286858
CYP2D6,HP:0012876,Premature ejaculation,61,37.6,0.7,0.00015505248230377564,0.003154093916337331
CYP2D6,HP:0002725,Systemic lupus erythematosus,211,164.5,0.36,0.00016521622602892993,0.0032777560911417957
CYP2D6,HP:0001041,Facial erythema,125,90.3,0.47,0.00018623998512879683,0.003617173580516582
CYP2D6,HP:0002617,Vascular dilatation,150,112.1,0.42,0.0002230763841224238,0.004182266742198577
CYP2D6,HP:0001953,Diabetic ketoacidosis,223,176.1,0.34,0.00022399203509317092,0.004182266742198577
CYP2D6,HP:0001742,Nasal congestion,344,284.8,0.27,0.00022074787505463843,0.004182266742198577
CYP2D6,HP:0030833,Neck pain,511,438.7,0.22,0.0002471006090433089,0.004547927935285401
CYP2D6,HP:0000541,Retinal detachment,122,88.5,0.46,0.0002560074581575276,0.004645393548257484
CYP2D6,HP:0012538,Gluten intolerance,88,60.3,0.55,0.0002930743354058771,0.005172293636272671
CYP2D6,HP:0012228,Tension-type headache,101,71.1,0.51,0.00029447919652253376,0.005173464066179968
CYP2D6,HP:0100660,Dyskinesia,361,302.1,0.26,0.0003376018165864363,0.005799248982695895
CYP2D6,HP:0100785,Insomnia,677,596.5,0.18,0.00041444010620461376,0.0067021381191666625
CYP2D6,HP:0200023,Priapism,42,24.5,0.78,0.00048767247830635945,0.007724812002680653
CYP2D6,HP:0004950,Peripheral arterial stenosis,271,222.0,0.29,0.0005184308116588884,0.008112287801868841
CYP2D6,HP:0000978,Bruising susceptibility,409,349.4,0.23,0.0006579494330466493,0.009715272123512418
CYP2D6,HP:0002307,Drooling,144,109.9,0.39,0.0006803262841499191,0.009960079879694838
CYP2D6,HP:0000017,Nocturia,241,196.5,0.29,0.0007669639079413597,0.010911590768122205
CYP2D6,HP:0002487,Hyperkinetic movements,671,596.5,0.17,0.000977468256755557,0.013163466245157586
CYP2D6,HP:0003124,Hypercholesterolemia,674,600.0,0.17,0.0010789702059696695,0.014088580561056665
CYP2D6,HP:0400008,Menometrorrhagia,38,22.4,0.76,0.0011171004795837503,0.014401577369784927
CYP2D6,HP:0000613,Photophobia,208,168.2,0.31,0.0011361101342398177,0.014588258036002973
CYP2D6,HP:0000822,Hypertension,1380,1275.1,0.11,0.001287693599028998,0.0162115171343553
CYP2D6,HP:0030127,Endometriosis,55,36.0,0.61,0.0013334883472365063,0.016679393081129763
CYP2D6,HP:0100022,Abnormality of movement,243,200.7,0.28,0.0014199605211585478,0.017478176478591678
CYP2D6,HP:0006000,Ureteral obstruction,158,125.1,0.34,0.0017980291680135577,0.021116426306012084
CYP2D6,HP:0010524,Disturbed sensory perception,39,23.8,0.71,0.0018360675573392256,0.02137470213589189
CYP2D6,HP:0030834,Shoulder pain,217,178.4,0.28,0.0019991002392358097,0.02306424604372061
CYP2D6,HP:0000020,Urinary incontinence,507,447.7,0.18,0.0022832253921765563,0.02580311737065026
CYP2D6,HP:0000646,Amblyopia,26,14.6,0.83,0.0031150882708622474,0.03262822809453275
CYP2D6,HP:0000739,Anxiety,795,723.7,0.14,0.0034434718729887156,0.03544359082275554
CYP2D6,HP:0030157,Flank pain,248,209.1,0.25,0.0035723720282556572,0.03642000138899188
CYP2D6,HP:0000138,Ovarian cyst,193,159.4,0.28,0.003972220508531571,0.039265044157223844
CYP2D6,HP:0001061,Acne,190,156.8,0.28,0.004178586714674356,0.04099045089395022
CYP2D6,HP:0001634,Mitral valve prolapse,145,116.5,0.32,0.004420499166414684,0.04250057034376307
CYP2D6,HP:0000805,Enuresis,71,51.7,0.46,0.004617906793616867,0.043839130387999574
CYP2D6,HP:0012203,Unusual fungal nail infection,126,99.8,0.34,0.00489940369478662,0.04466083792535445
CYP2D6,HP:0001065,Striae distensae,51,35.1,0.54,0.005240927557906318,0.04710740700304167
CYP3A4,HP:0010992,Stress urinary incontinence,889,749.0,0.25,1.7682554241820237e-11,3.796837341368623e-09
CYP3A4,HP:0030159,Cervical polyp,158,114.6,0.46,1.0368879967107764e-07,7.561456806202171e-06
CYP3A4,HP:0000388,Otitis media,919,807.2,0.19,1.6964189351779867e-07,1.1034766094572752e-05
CYP3A4,HP:0030683,Recurrent bacterial vaginosis,790,697.1,0.18,2.637248635286513e-06,0.0001185228601788648
CYP3A4,HP:0002385,Paraparesis,253,203.9,0.31,4.9185583035863855e-06,0.00019202250346829676
CYP3A4,HP:0010783,Erythema,5487,5249.9,0.06,9.496512358399587e-06,0.0003277144666537
CYP3A4,HP:0000206,Glossitis,419,357.1,0.23,1.1922072971420746e-05,0.0004006853220394885
CYP3A4,HP:0030050,Cataplexy,3639,3454.1,0.08,2.0444073906729508e-05,0.0006476749643402422
CYP3A4,HP:0001105,Retinal atrophy,107,78.9,0.44,2.800462756077862e-05,0.0008456084806438231
CYP3A4,HP:0000967,Petechiae,987,894.8,0.14,3.219314195869264e-05,0.0009498205623690613
CYP3A4,HP:0200036,Skin nodule,667,592.5,0.17,3.7780940456729786e-05,0.001081654332335264
CYP3A4,HP:0100812,Halitosis,453,392.4,0.21,3.9337721625000416e-05,0.001109783168471727
CYP3A4,HP:0012075,Personality disorder,775,695.1,0.16,4.339685569235852e-05,0.0011895662925600402
CYP3A4,HP:0001007,Hirsutism,205,166.1,0.3,5.444254218339252e-05,0.001402802836925414
CYP3A4,HP:0000019,Urinary hesitancy,723,646.9,0.16,5.409147569180085e-05,0.001402802836925414
CYP3A4,HP:0001648,Cor pulmonale,450,391.1,0.2,6.156631505665305e-05,0.0015351858560900904
CYP3A4,HP:0200114,Metabolic alkalosis,952,865.7,0.14,7.227726948344934e-05,0.0017569285946763
CYP3A4,HP:0002665,Lymphoma,1017,929.2,0.13,9.503023231947867e-05,0.002180738316053464
CYP3A4,HP:0000225,Gingival bleeding,965,880.7,0.13,0.00011529394986886448,0.002531881342290689
CYP3A4,HP:0003763,Bruxism,2806,2660.2,0.08,0.00011622847113417903,0.0025379832821107455
CYP3A4,HP:0012174,Glioblastoma multiforme,262,220.1,0.25,0.00014160120303163045,0.0029565587835621
CYP3A4,HP:0030448,Soft tissue sarcoma,155,123.7,0.33,0.00016537191145476072,0.0032777560911417957
CYP3A4,HP:0002783,Recurrent lower respiratory tract infections,1203,1111.5,0.11,0.00018557956560664212,0.003617173580516582
CYP3A4,HP:0011999,Paranoia,1458,1357.7,0.1,0.0002051556668683079,0.003925379467554505
CYP3A4,HP:0030757,Tooth abscess,1312,1218.6,0.11,0.0002594404188978766,0.004663894042047875
CYP3A4,HP:0030160,Cervicitis,312,268.6,0.22,0.00033565314445356455,0.005791515193361727
CYP3A4,HP:0012398,Peripheral edema,5043,4862.5,0.05,0.0003613656322170659,0.00612578144087263
CYP3A4,HP:0100963,Hyperesthesia,643,580.5,0.15,0.00039696153223735405,0.006477004114264194
CYP3A4,HP:0002653,Bone pain,2118,2003.8,0.08,0.00045286287091598733,0.007241699787908476
CYP3A4,HP:0012710,Ingrown nail,354,308.9,0.2,0.00048208861192734493,0.007667788004523408
CYP3A4,HP:0030880,Raynaud phenomenon,527,472.5,0.16,0.0006075151400673606,0.009100953551784297
CYP3A4,HP:0012668,Vasovagal syncope,845,775.6,0.12,0.0006292113850861476,0.009353469243684465
CYP3A4,HP:0100651,Type I diabetes mellitus,927,854.5,0.12,0.0006585773082432739,0.009715272123512418
CYP3A4,HP:0002204,Pulmonary embolism,3003,2872.0,0.06,0.0007252071821561003,0.01053731488358394
CYP3A4,HP:0008209,Premature ovarian insufficiency,478,427.7,0.16,0.0008486641788660411,0.011808531065792641
CYP3A4,HP:0000934,Chondrocalcinosis,146,119.2,0.29,0.0008643615945967441,0.011903357305750477
CYP3A4,HP:0000029,Testicular atrophy,45,31.1,0.53,0.0009562914599954226,0.012968654360990556
CYP3A4,HP:0009733,Glioma,71,53.1,0.42,0.001011131407912801,0.013429631929838405
CYP3A4,HP:0030811,Tongue pain,1064,990.7,0.1,0.0012704834656978748,0.0160471195912493
CYP3A4,HP:0006000,Ureteral obstruction,804,740.7,0.12,0.0013167987214835783,0.016524113826409188
CYP3A4,HP:0002578,Gastroparesis,39,26.6,0.55,0.0013512172287393571,0.0167742725842662
CYP3A4,HP:0002664,Neoplasm,1546,1459.0,0.08,0.0015595504072674479,0.018661493263432465
CYP3A4,HP:0002113,Pulmonary infiltrates,2229,2124.6,0.07,0.0016129638484070944,0.01912302231317
CYP3A4,HP:0009071,Inflammatory myopathy,1070,999.0,0.1,0.001800696747581145,0.021116426306012084
CYP3A4,HP:0001480,Freckling,68,51.5,0.4,0.001895164228356709,0.021996425653449492
CYP3A4,HP:0000818,Abnormality of the endocrine system,932,870.7,0.1,0.0035807504599785034,0.03642000138899188
CYP3A4,HP:0012384,Rhinitis,1244,1173.4,0.08,0.003760845560902745,0.037754982059452234
CYP3A4,HP:0001004,Lymphedema,668,617.4,0.11,0.004281460053318562,0.041577495241397595
CYP3A4,HP:0000573,Retinal hemorrhage,624,575.5,0.12,0.0045182808319052335,0.04333289184941372
CYP3A4,HP:0000709,Psychosis,1597,1518.8,0.07,0.004613369788053373,0.043839130387999574
CYP3A4,HP:0002015,Dysphagia,3579,3462.0,0.05,0.004779184642049869,0.04440276115750659
CYP3A4,HP:0001051,Seborrheic dermatitis,321,286.9,0.16,0.004894152133138775,0.04466083792535445
CYP3A4,HP:0100576,Amaurosis fugax,124,103.4,0.26,0.005064413065062637,0.04584064753270981
CYP3A4,HP:0002329,Drowsiness,3744,3626.8,0.05,0.005609533645917575,0.04995586991122449
SLCO1B1 (OATP1B1),HP:0001627,Abnormal heart morphology,47,11.1,2.09,3.061635693713316e-16,3.944407318733989e-13
SLCO1B1 (OATP1B1),HP:0001880,Increased total eosinophil count,116,51.8,1.16,5.396577412058079e-15,5.214442924401119e-12
SLCO1B1 (OATP1B1),HP:0001643,Patent ductus arteriosus,37,7.7,2.26,1.0460313981795137e-14,6.926105143667435e-12
SLCO1B1 (OATP1B1),HP:0030049,Brain abscess,38,9.4,2.01,9.93685256449303e-13,4.800741895220694e-10
SLCO1B1 (OATP1B1),HP:0001541,Ascites,165,90.8,0.86,9.503726277385313e-13,4.800741895220694e-10
SLCO1B1 (OATP1B1),HP:0012819,Myocarditis,65,24.7,1.4,6.146101478637637e-12,1.979556851244539e-09
SLCO1B1 (OATP1B1),HP:0001629,Ventricular septal defect,37,9.7,1.93,9.46538070668823e-12,2.6131211736678576e-09
SLCO1B1 (OATP1B1),HP:0001941,Acidosis,167,95.3,0.81,1.1298206785510307e-11,2.911171281733156e-09
SLCO1B1 (OATP1B1),HP:0012399,Pressure ulcer,101,49.6,1.02,6.288529199054181e-11,1.1573888263973527e-08
SLCO1B1 (OATP1B1),HP:0001873,Thrombocytopenia,259,172.7,0.59,3.288341395499772e-10,5.295599789002758e-08
SLCO1B1 (OATP1B1),HP:0002149,Hyperuricemia,81,38.6,1.07,1.1699841755381354e-09,1.5889799257755936e-07
SLCO1B1 (OATP1B1),HP:0000979,Purpura,82,41.0,1.0,7.872883937895973e-09,7.80222985127383e-07
SLCO1B1 (OATP1B1),HP:0002586,Peritonitis,97,51.9,0.9,1.001744542960728e-08,9.603652479856846e-07
SLCO1B1 (OATP1B1),HP:0100507,Decreased circulating folate concentration,27,7.8,1.79,4.2160605678898204e-08,3.467037041466842e-06
SLCO1B1 (OATP1B1),HP:0002878,Respiratory failure,239,166.5,0.52,5.1459277162989015e-08,4.143543879894844e-06
SLCO1B1 (OATP1B1),HP:0001876,Pancytopenia,192,128.1,0.58,6.034967337956751e-08,4.760234441061804e-06
SLCO1B1 (OATP1B1),HP:0000952,Jaundice,137,84.5,0.7,6.576716404221123e-08,5.0838017804629285e-06
SLCO1B1 (OATP1B1),HP:0001399,Hepatic failure,149,94.5,0.66,1.0012537382749791e-07,7.442010958524605e-06
SLCO1B1 (OATP1B1),HP:0002240,Hepatomegaly,133,82.1,0.7,1.1055446233525742e-07,7.912833276403148e-06
SLCO1B1 (OATP1B1),HP:0003228,Hypernatremia,94,53.2,0.82,1.965539548831188e-07,1.2453787469233675e-05
SLCO1B1 (OATP1B1),HP:0000083,Renal insufficiency,269,195.7,0.46,2.852022245262043e-07,1.749693012371079e-05
SLCO1B1 (OATP1B1),HP:0000100,Nephrotic syndrome,50,23.0,1.12,5.657970284686092e-07,3.169283355117644e-05
SLCO1B1 (OATP1B1),HP:0001909,Leukemia,87,49.5,0.81,6.803015166896354e-07,3.5531964351424876e-05
SLCO1B1 (OATP1B1),HP:0001019,Erythroderma,61,31.1,0.97,1.0337395595564392e-06,5.0574726552982756e-05
SLCO1B1 (OATP1B1),HP:0001298,Encephalopathy,135,87.5,0.63,1.1062208053949415e-06,5.344429266064311e-05
SLCO1B1 (OATP1B1),HP:0001913,Decreased total granulocyte count,91,53.3,0.77,1.2816851110154321e-06,6.115695005030426e-05
SLCO1B1 (OATP1B1),HP:0002107,Pneumothorax,101,61.3,0.72,1.584801562973361e-06,7.37982896493017e-05
SLCO1B1 (OATP1B1),HP:0000495,Recurrent corneal erosions,26,9.2,1.5,3.2388723948289645e-06,0.0001390915756223772
SLCO1B1 (OATP1B1),HP:0012114,Endometrial carcinoma,21,6.5,1.7,3.482911842269818e-06,0.00014632015511274832
SLCO1B1 (OATP1B1),HP:0100523,Liver abscess,30,11.6,1.37,3.4480709309782187e-06,0.00014632015511274832
SLCO1B1 (OATP1B1),HP:0001695,Cardiac arrest,193,137.6,0.49,3.686604335512755e-06,0.00015158218890166806
SLCO1B1 (OATP1B1),HP:0001698,Pericardial effusion,145,99.3,0.55,8.063058577190821e-06,0.0002938352745245517
SLCO1B1 (OATP1B1),HP:0030151,Cholangitis,42,19.9,1.08,8.559105677586506e-06,0.0003063050318877023
SLCO1B1 (OATP1B1),HP:0001942,Metabolic acidosis,137,94.6,0.53,1.997167403556504e-05,0.0006410706952558648
SLCO1B1 (OATP1B1),HP:0012416,Hypercapnia,44,22.2,0.99,2.4109938762685696e-05,0.0007395628041093668
SLCO1B1 (OATP1B1),HP:0012486,Myelitis,23,8.5,1.43,2.4737141459813302e-05,0.0007528271790722709
SLCO1B1 (OATP1B1),HP:0002088,Abnormal lung morphology,131,90.4,0.53,2.9951133381220448e-05,0.0008904702347570542
SLCO1B1 (OATP1B1),HP:0006530,Abnormal pulmonary interstitial morphology,113,75.9,0.57,3.3562475989526435e-05,0.0009753305992445089
SLCO1B1 (OATP1B1),HP:0002383,Infectious encephalitis,47,24.8,0.92,3.696000635533651e-05,0.0010660479445028029
SLCO1B1 (OATP1B1),HP:0002148,Hypophosphatemia,60,34.5,0.8,4.3254658830137726e-05,0.0011895662925600402
SLCO1B1 (OATP1B1),HP:0002913,Myoglobinuria,82,51.6,0.67,4.657389980558452e-05,0.0012676628362576349
SLCO1B1 (OATP1B1),HP:0002202,Pleural effusion,228,174.5,0.39,4.871847935129993e-05,0.0013167616971522674
SLCO1B1 (OATP1B1),HP:0040184,Oral bleeding,45,23.7,0.93,4.967874623648156e-05,0.0013241955462344912
SLCO1B1 (OATP1B1),HP:0000031,Epididymitis,22,8.7,1.34,9.017969152683134e-05,0.002087092860785647
SLCO1B1 (OATP1B1),HP:0001882,Decreased total leukocyte count,134,95.9,0.48,0.00011768252903626167,0.002555297610815457
SLCO1B1 (OATP1B1),HP:0001878,Hemolytic anemia,58,34.3,0.76,0.00012161313702148333,0.0026096349709666265
SLCO1B1 (OATP1B1),HP:0002249,Melena,95,64.2,0.57,0.00016510704163545076,0.0032777560911417957
SLCO1B1 (OATP1B1),HP:0000077,Abnormality of the kidney,140,101.8,0.46,0.00016339776555647677,0.0032777560911417957
SLCO1B1 (OATP1B1),HP:0000639,Nystagmus,54,31.9,0.76,0.0001895679207105767,0.0036634000677318946
SLCO1B1 (OATP1B1),HP:0001371,Flexion contracture,36,18.9,0.93,0.00025381883351090515,0.004645393548257484
SLCO1B1 (OATP1B1),HP:0002905,Hyperphosphatemia,28,13.3,1.07,0.00025740117327507206,0.004648857638823147
SLCO1B1 (OATP1B1),HP:0001663,Ventricular fibrillation,92,62.8,0.55,0.0002893226141793553,0.005129504145886276
SLCO1B1 (OATP1B1),HP:0000976,Eczematoid dermatitis,67,43.0,0.64,0.00037381663253090874,0.006281744716225923
SLCO1B1 (OATP1B1),HP:0002121,Generalized non-motor (absence) seizure,62,39.1,0.67,0.00038076611280651504,0.006343366491367158
SLCO1B1 (OATP1B1),HP:0001631,Atrial septal defect,32,16.5,0.96,0.0003971668758293956,0.006477004114264194
SLCO1B1 (OATP1B1),HP:0002170,Intracranial hemorrhage,56,35.1,0.67,0.0006045200950361587,0.009091323608228613
SLCO1B1 (OATP1B1),HP:0100584,Endocarditis,52,32.2,0.69,0.0007319903508363695,0.01059604009731299
SLCO1B1 (OATP1B1),HP:0001392,Abnormality of the liver,111,81.7,0.44,0.001043985536208068,0.013724503732803343
SLCO1B1 (OATP1B1),HP:0002133,Status epilepticus,40,23.5,0.77,0.0010873081101804942,0.014149649312618216
SLCO1B1 (OATP1B1),HP:0002153,Hyperkalemia,131,99.1,0.4,0.001117845591445143,0.014401577369784927
SLCO1B1 (OATP1B1),HP:0010307,Stridor,32,17.8,0.85,0.0013535830703760897,0.0167742725842662
SLCO1B1 (OATP1B1),HP:0005110,Atrial fibrillation,203,163.5,0.31,0.001416605648466449,0.017478176478591678
SLCO1B1 (OATP1B1),HP:0012410,Pure red cell aplasia,43,26.2,0.71,0.0014722207799382715,0.01780682139421811
SLCO1B1 (OATP1B1),HP:0004313,Decreased circulating immunoglobulin concentration,24,12.2,0.98,0.0015678868502458324,0.018703341593210316
SLCO1B1 (OATP1B1),HP:0009806,Nephrogenic diabetes insipidus,26,13.7,0.92,0.0018329164480607569,0.02137470213589189
SLCO1B1 (OATP1B1),HP:0001919,Acute kidney injury,228,187.6,0.28,0.002064677810421498,0.02353976323681148
SLCO1B1 (OATP1B1),HP:0001903,Anemia,317,269.2,0.24,0.002162924331690247,0.024515256721357195
SLCO1B1 (OATP1B1),HP:0002239,Gastrointestinal hemorrhage,166,132.3,0.33,0.002344374966384769,0.02626379491326705
SLCO1B1 (OATP1B1),HP:0010550,Paraplegia,32,18.7,0.78,0.0028254811145729535,0.0306755182804058
SLCO1B1 (OATP1B1),HP:0003201,Rhabdomyolysis,118,90.5,0.38,0.002930160996574674,0.03111283585648658
SLCO1B1 (OATP1B1),HP:0001997,Gout,89,65.5,0.44,0.0029968480813271307,0.03164704326319497
SLCO1B1 (OATP1B1),HP:0002480,Hepatic encephalopathy,46,29.9,0.62,0.003441016084887103,0.03544359082275554
SLCO1B1 (OATP1B1),HP:0002858,Meningioma,31,18.3,0.76,0.0038247460942099193,0.03819804561788459
SLCO1B1 (OATP1B1),HP:0001701,Pericarditis,54,36.8,0.55,0.004238908686434817,0.04137217695219841
SLCO1B1 (OATP1B1),HP:0000365,Hearing impairment,136,108.0,0.33,0.004741434227116747,0.044297188768835226
SLCO1B1 (OATP1B1),HP:0006516,Hypersensitivity pneumonitis,25,14.0,0.83,0.004771915450384477,0.04440276115750659
SLCO1B1 (OATP1B1),HP:0001974,Increased total leukocyte count,115,89.4,0.36,0.004869702369670952,0.04466083792535445
