resource,grade,testable_pairs,confirmed_pairs,confirmation_percent,provenance_status
DrugBank,Major,44,11,25.0,exact_recovered_author_snapshot_membership_descriptive_provider_release_unknown
DrugBank,Moderate,246,37,15.0,exact_recovered_author_snapshot_membership_descriptive_provider_release_unknown
DrugBank,Minor,26,2,7.7,exact_recovered_author_snapshot_membership_descriptive_provider_release_unknown
DrugBank,Unknown,856,23,2.7,exact_recovered_author_snapshot_membership_descriptive_provider_release_unknown
KEGG,Major,57,20,35.1,reported_aggregate_exact_upstream_snapshot_unavailable
KEGG,Moderate,268,95,35.4,reported_aggregate_exact_upstream_snapshot_unavailable
KEGG,Minor,28,4,14.3,reported_aggregate_exact_upstream_snapshot_unavailable
KEGG,Unknown,890,85,9.6,reported_aggregate_exact_upstream_snapshot_unavailable
trueDDI author reference,Major,93,42,45.2,exact_recovered_author_snapshot_membership_descriptive_independence_unestablished
trueDDI author reference,Moderate,419,118,28.2,exact_recovered_author_snapshot_membership_descriptive_independence_unestablished
trueDDI author reference,Minor,50,5,10.0,exact_recovered_author_snapshot_membership_descriptive_independence_unestablished
trueDDI author reference,Unknown,1338,64,4.8,exact_recovered_author_snapshot_membership_descriptive_independence_unestablished
