source,role,snapshot_status,source_version,original_retrieval_date,reproducibility_boundary
GoldD3R author-supplied export,Contextual mechanistic corpus; separate from enzyme-detail branch,available_public,unknown,unknown,Exact deposited author export identifiable; export date and upstream redistribution permissions not independently established. No documented transformation links this export to 1900 enzyme pairs.
Enzyme-detail input files,Source of pair-protein-direction annotations,unavailable,unknown,unknown,"Original filenames, source record, version, retrieval date, original content hashes and processing scripts absent; cannot reconstruct from original source."
DDInter 2.0,Local severity reconstruction,unavailable,2.0 (exact downloaded snapshot unknown),unknown,Exact original full download snapshot and retrieval date unavailable; public pair identifiers plus severity fingerprint identify expected joined output. Acquire own CSVs under DDInter terms.
PubChem,CIDs and compound titles,unavailable,unknown,unknown,Original query responses and retrieval date unavailable; identifier bridge exports deposited.
UniProt,Source protein accessions,unavailable,unknown,unknown,Original accession lookup snapshot unavailable; source-label conflicts retained and documented.
Human Phenotype Ontology,Vocabulary of selected phenotype layer,unavailable,unknown,unknown,Exact ontology version and complete observation/test universe unavailable; 434 selected associations cannot be fully reanalysed.
DrugBank hard-proven set,Historical aggregate external comparison,unavailable,unknown,unknown,Exact 16316-pair hard-proven source snapshot and extraction procedure unavailable; aggregate counts are reported rather than independently source-recomputed.
KEGG DRUG/DDI,Historical aggregate external comparison,unavailable,unknown,unknown,"Exact source version, retrieval date and licensed original snapshot unavailable; aggregate counts retained descriptively."
LIDDI,Historical coverage comparison,unavailable,record v1 citation; actual acquired snapshot unknown,unknown,Historical overlap intermediate and exact local acquisition snapshot absent; deposited aggregate export only.
Micromedex,Historical commercial comparison counts,unavailable,unknown,unknown,Original licensed source snapshot and dates unavailable; two aggregate counts retained in historical DrugBank summary.
Clinical-trial interaction set (excluded),Withdrawn external validation layer,unavailable,unknown,unknown,Source version and identifiers unresolved; excluded from public primary schema and validation claims.
trueDDI set (excluded),Withdrawn external validation layer,unavailable,unknown,unknown,Private supplied candidate file does not reproduce all prior flags; excluded from public primary schema and validation claims.
