source_label,source_uniprot,canonical_uniprot,canonical_accession_status,official_primary_gene,organism,entry_reviewed,source_symbol_matches_official,long_rows,annotation_resolution,retrieved_date,uniprot_release,source_url,interpretation
ABCB1 (P-gp),P08183,P08183,current_primary_accession,ABCB1,Homo sapiens (Human),reviewed,Yes,724,verified_unique_human_gene,2026-10-05,2026_03,https://rest.uniprot.org/uniprotkb/P08183.tsv,Protein identifier resolution only; drug-pair relation is not independently validated
ABCC1,P33527,P33527,current_primary_accession,ABCC1,Homo sapiens (Human),reviewed,Yes,25,verified_unique_human_gene,2026-10-05,2026_03,https://rest.uniprot.org/uniprotkb/P33527.tsv,Protein identifier resolution only; drug-pair relation is not independently validated
ABCC2 (MRP2),Q92887,Q92887,current_primary_accession,ABCC2,Homo sapiens (Human),reviewed,Yes,42,verified_unique_human_gene,2026-10-05,2026_03,https://rest.uniprot.org/uniprotkb/Q92887.tsv,Protein identifier resolution only; drug-pair relation is not independently validated
ABCC3,O15438,O15438,current_primary_accession,ABCC3,Homo sapiens (Human),reviewed,Yes,6,verified_unique_human_gene,2026-10-05,2026_03,https://rest.uniprot.org/uniprotkb/O15438.tsv,Protein identifier resolution only; drug-pair relation is not independently validated
ABCC4 (MRP4),O15439,O15439,current_primary_accession,ABCC4,Homo sapiens (Human),reviewed,Yes,25,verified_unique_human_gene,2026-10-05,2026_03,https://rest.uniprot.org/uniprotkb/O15439.tsv,Protein identifier resolution only; drug-pair relation is not independently validated
ABCG2 (BCRP),Q9UNQ0,Q9UNQ0,current_primary_accession,ABCG2,Homo sapiens (Human),reviewed,Yes,37,verified_unique_human_gene,2026-10-05,2026_03,https://rest.uniprot.org/uniprotkb/Q9UNQ0.tsv,Protein identifier resolution only; drug-pair relation is not independently validated
AOX1,Q06278,Q06278,current_primary_accession,AOX1,Homo sapiens (Human),reviewed,Yes,1,verified_unique_human_gene,2026-10-05,2026_03,https://rest.uniprot.org/uniprotkb/Q06278.tsv,Protein identifier resolution only; drug-pair relation is not independently validated
CYP19A1,P11511,P11511,current_primary_accession,CYP19A1,Homo sapiens (Human),reviewed,Yes,4,verified_unique_human_gene,2026-10-05,2026_03,https://rest.uniprot.org/uniprotkb/P11511.tsv,Protein identifier resolution only; drug-pair relation is not independently validated
CYP1A1,P04798,P04798,current_primary_accession,CYP1A1,Homo sapiens (Human),reviewed,Yes,5,verified_unique_human_gene,2026-10-05,2026_03,https://rest.uniprot.org/uniprotkb/P04798.tsv,Protein identifier resolution only; drug-pair relation is not independently validated
CYP1A2,P05177,P05177,current_primary_accession,CYP1A2,Homo sapiens (Human),reviewed,Yes,173,verified_unique_human_gene,2026-10-05,2026_03,https://rest.uniprot.org/uniprotkb/P05177.tsv,Protein identifier resolution only; drug-pair relation is not independently validated
CYP2A6,P11509,P11509,current_primary_accession,CYP2A6,Homo sapiens (Human),reviewed,Yes,10,verified_unique_human_gene,2026-10-05,2026_03,https://rest.uniprot.org/uniprotkb/P11509.tsv,Protein identifier resolution only; drug-pair relation is not independently validated
CYP2B6,P20813,P20813,current_primary_accession,CYP2B6,Homo sapiens (Human),reviewed,Yes,5,verified_unique_human_gene,2026-10-05,2026_03,https://rest.uniprot.org/uniprotkb/P20813.tsv,Protein identifier resolution only; drug-pair relation is not independently validated
CYP2C19,P33261,P33261,current_primary_accession,CYP2C19,Homo sapiens (Human),reviewed,Yes,82,verified_unique_human_gene,2026-10-05,2026_03,https://rest.uniprot.org/uniprotkb/P33261.tsv,Protein identifier resolution only; drug-pair relation is not independently validated
CYP2C8,P10632,P10632,current_primary_accession,CYP2C8,Homo sapiens (Human),reviewed,Yes,29,verified_unique_human_gene,2026-10-05,2026_03,https://rest.uniprot.org/uniprotkb/P10632.tsv,Protein identifier resolution only; drug-pair relation is not independently validated
CYP2C9,P11712,P11712,current_primary_accession,CYP2C9,Homo sapiens (Human),reviewed,Yes,374,verified_unique_human_gene,2026-10-05,2026_03,https://rest.uniprot.org/uniprotkb/P11712.tsv,Protein identifier resolution only; drug-pair relation is not independently validated
CYP2D6,P10635,P10635,current_primary_accession,CYP2D6,Homo sapiens (Human),reviewed,Yes,180,verified_unique_human_gene,2026-10-05,2026_03,https://rest.uniprot.org/uniprotkb/P10635.tsv,Protein identifier resolution only; drug-pair relation is not independently validated
CYP2E1,P05181,P05181,current_primary_accession,CYP2E1,Homo sapiens (Human),reviewed,Yes,3,verified_unique_human_gene,2026-10-05,2026_03,https://rest.uniprot.org/uniprotkb/P05181.tsv,Protein identifier resolution only; drug-pair relation is not independently validated
CYP3A4,P08684,P08684,current_primary_accession,CYP3A4,Homo sapiens (Human),reviewed,Yes,1236,verified_unique_human_gene,2026-10-05,2026_03,https://rest.uniprot.org/uniprotkb/P08684.tsv,Protein identifier resolution only; drug-pair relation is not independently validated
CYP3A5,P20815,P20815,current_primary_accession,CYP3A5,Homo sapiens (Human),reviewed,Yes,43,verified_unique_human_gene,2026-10-05,2026_03,https://rest.uniprot.org/uniprotkb/P20815.tsv,Protein identifier resolution only; drug-pair relation is not independently validated
HPRT1,P00492,P00492,current_primary_accession,HPRT1,Homo sapiens (Human),reviewed,Yes,1,verified_unique_human_gene,2026-10-05,2026_03,https://rest.uniprot.org/uniprotkb/P00492.tsv,Protein identifier resolution only; drug-pair relation is not independently validated
PGD,P52209,P52209,current_primary_accession,PGD,Homo sapiens (Human),reviewed,Yes,2,verified_unique_human_gene,2026-10-05,2026_03,https://rest.uniprot.org/uniprotkb/P52209.tsv,Protein identifier resolution only; drug-pair relation is not independently validated
PTGS1,P23219,P23219,current_primary_accession,PTGS1,Homo sapiens (Human),reviewed,Yes,2,verified_unique_human_gene,2026-10-05,2026_03,https://rest.uniprot.org/uniprotkb/P23219.tsv,Protein identifier resolution only; drug-pair relation is not independently validated
PTGS2,P35354,P35354,current_primary_accession,PTGS2,Homo sapiens (Human),reviewed,Yes,24,verified_unique_human_gene,2026-10-05,2026_03,https://rest.uniprot.org/uniprotkb/P35354.tsv,Protein identifier resolution only; drug-pair relation is not independently validated
SLC22A2,O15244,O15244,current_primary_accession,SLC22A2,Homo sapiens (Human),reviewed,Yes,1,verified_unique_human_gene,2026-10-05,2026_03,https://rest.uniprot.org/uniprotkb/O15244.tsv,Protein identifier resolution only; drug-pair relation is not independently validated
SLC22A3,O75751,O75751,current_primary_accession,SLC22A3,Homo sapiens (Human),reviewed,Yes,1,verified_unique_human_gene,2026-10-05,2026_03,https://rest.uniprot.org/uniprotkb/O75751.tsv,Protein identifier resolution only; drug-pair relation is not independently validated
SLC22A5,O76082,O76082,current_primary_accession,SLC22A5,Homo sapiens (Human),reviewed,Yes,1,verified_unique_human_gene,2026-10-05,2026_03,https://rest.uniprot.org/uniprotkb/O76082.tsv,Protein identifier resolution only; drug-pair relation is not independently validated
SLC22A7,Q9Y694,Q9Y694,current_primary_accession,SLC22A7,Homo sapiens (Human),reviewed,Yes,5,verified_unique_human_gene,2026-10-05,2026_03,https://rest.uniprot.org/uniprotkb/Q9Y694.tsv,Protein identifier resolution only; drug-pair relation is not independently validated
SLC31A1,O15431,O15431,current_primary_accession,SLC31A1,Homo sapiens (Human),reviewed,Yes,1,verified_unique_human_gene,2026-10-05,2026_03,https://rest.uniprot.org/uniprotkb/O15431.tsv,Protein identifier resolution only; drug-pair relation is not independently validated
SLCO1A2 (OATP1A2),P46721,P46721,current_primary_accession,SLCO1A2,Homo sapiens (Human),reviewed,Yes,2,verified_unique_human_gene,2026-10-05,2026_03,https://rest.uniprot.org/uniprotkb/P46721.tsv,Protein identifier resolution only; drug-pair relation is not independently validated
SLCO1B1,Q9Y6L6,Q9Y6L6,current_primary_accession,SLCO1B1,Homo sapiens (Human),reviewed,Yes,2,verified_unique_human_gene,2026-10-05,2026_03,https://rest.uniprot.org/uniprotkb/Q9Y6L6.tsv,Protein identifier resolution only; drug-pair relation is not independently validated
SLCO1B1 (OATP1B1),Q4U2R8,Q4U2R8,current_primary_accession,SLC22A6,Homo sapiens (Human),reviewed,No,18,verified_unique_human_gene,2026-10-05,2026_03,https://rest.uniprot.org/uniprotkb/Q4U2R8.tsv,Protein identifier resolution only; drug-pair relation is not independently validated
SLCO1B3? (OATP),Q8TCC7,Q8TCC7,current_primary_accession,SLC22A8,Homo sapiens (Human),reviewed,No,5,verified_unique_human_gene,2026-10-05,2026_03,https://rest.uniprot.org/uniprotkb/Q8TCC7.tsv,Protein identifier resolution only; drug-pair relation is not independently validated
UGT1A1,P22309,P22309,current_primary_accession,UGT1A1,Homo sapiens (Human),reviewed,Yes,1,verified_unique_human_gene,2026-10-05,2026_03,https://rest.uniprot.org/uniprotkb/P22309.tsv,Protein identifier resolution only; drug-pair relation is not independently validated
UGT2B7,P16662,P16662,current_primary_accession,UGT2B7,Homo sapiens (Human),reviewed,Yes,1,verified_unique_human_gene,2026-10-05,2026_03,https://rest.uniprot.org/uniprotkb/P16662.tsv,Protein identifier resolution only; drug-pair relation is not independently validated
XDH,P47989,P47989,current_primary_accession,XDH,Homo sapiens (Human),reviewed,Yes,1,verified_unique_human_gene,2026-10-05,2026_03,https://rest.uniprot.org/uniprotkb/P47989.tsv,Protein identifier resolution only; drug-pair relation is not independently validated
